Dossier;Voornaam;Naam;Geboortedatum;Leeftijd;CustomerType;E-mail
369/00;Jan;Baert;09/01/1942;84;naturalPerson;jan.baert@qollabi.com
314/00;Dirk;Bogaert;20/08/1960;65;naturalPerson;dirk.bogaert@qollabi.com
495/00;Jozef;Brouwers;10/05/1941;84;naturalPerson;jozef.brouwers@qollabi.com
317/01;MARINA;Brouwers;23/05/1965;60;naturalPerson;daniel.goossens@qollabi.com
339/01;Hubertina;Claes;27/04/1930;95;naturalPerson;
478/00;Thomas;Claes;15/06/1966;59;naturalPerson;thomas.claes@qollabi.com
229/00;Wilfried;Claes;12/07/1958;67;naturalPerson;wilfried.claes@qollabi.com
39/01;Olivia;Claeys;02/07/1956;69;naturalPerson;patrick.devos@qollabi.com
547/00;Bart;Coppens;20/04/1971;55;naturalPerson;bart.coppens@qollabi.com
247/00;Emile;De Backer;23/07/1936;89;naturalPerson;
420/00;Peter;De Backer;16/04/1964;62;naturalPerson;peter.debacker@qollabi.com
435/01;Cordula;De Clercq;04/03/1971;55;naturalPerson;cordula.declercq@qollabi.com
269/01;Hilda;De Clercq;17/11/1951;74;naturalPerson;hilda.declercq@qollabi.com
89/00;Remi;De Clercq;29/05/1946;79;naturalPerson;remi.declercq@qollabi.com
467/01;Rose;De Clercq;06/04/1944;82;naturalPerson;rose.declercq@qollabi.com
59/00;Christiaan;De Cock;18/12/1953;72;naturalPerson;christiaan.decock@qollabi.com
456/00;Xander;De Cock;20/06/1955;70;naturalPerson;xander.decock@qollabi.com
488/00;Danny;De Graef;28/12/1963;62;naturalPerson;danny.degraef@qollabi.com
487/00;Guillaume;De Graef;11/09/1955;70;naturalPerson;guillaume.degraef@qollabi.com
353/00;Jean;De Ridder;22/11/1951;74;naturalPerson;jean.deridder@qollabi.com
252/01;Marina;De Ridder;01/03/1964;62;naturalPerson;benjamin.thijs@qollabi.com
528/01;Alfons;De Smedt;28/02/1946;80;naturalPerson;alfons.desmedt@qollabi.com
439/00;Jean Paul;De Vos;09/08/1953;72;naturalPerson;jeanpaul.devos@qollabi.com
309/00;Waldemar;De Vos;14/11/1960;65;naturalPerson;waldemar.devos@qollabi.com
25/00;Rudy;De Wolf;28/09/1959;66;naturalPerson;rudy.dewolf@qollabi.com
547/01;Erika;Desmet;28/05/1974;51;naturalPerson;bart.coppens@qollabi.com
81/01;Liesbet;Desmet;18/05/1964;61;naturalPerson;liesbet.desmet@qollabi.com
85/00;Luc;Desmet;06/09/1955;70;naturalPerson;luc.desmet@qollabi.com
137/00;Mark;Desmet;20/03/1969;57;naturalPerson;mark.desmet@qollabi.com
185/00;René;Desmet;13/03/1950;76;naturalPerson;ren.desmet@qollabi.com
261/00;Tom;Desmet;15/03/1972;54;naturalPerson;tom.desmet@qollabi.com
307/00;Boudewijn;Devos;27/09/1950;75;naturalPerson;boudewijn.devos@qollabi.com
277/01;Murat;Devos;01/01/1965;61;naturalPerson;murat.devos@qollabi.com
497/01;Sandra;Devos;26/08/1972;53;naturalPerson;peter.eeckhout@qollabi.com
326/02;David;Diels;02/04/1974;52;naturalPerson;david.degraef@qollabi.com
224/00;Jean;Diels;16/10/1946;79;naturalPerson;jean.diels@qollabi.com
163/00;Luk;Diels;08/04/1968;58;naturalPerson;luk.diels@qollabi.com
259/01;Nadia;Diels;10/01/1968;58;naturalPerson;dennis.leysen@qollabi.com
464/01;Suzanna;Diels;01/05/1966;59;naturalPerson;suzanna.diels@qollabi.com
316/01;Catharina;Dupont;12/06/1950;75;naturalPerson;catharina.dupont@qollabi.com
445/00;Denis;Dupont;06/01/1950;76;naturalPerson;denis.dupont@qollabi.com
461/00;Francis;Dupont;29/01/1952;74;naturalPerson;francis.dupont@qollabi.com
381/00;Gustaaf;Dupont;16/08/1941;84;naturalPerson;
526/00;Olivier;Dupont;20/09/1975;50;naturalPerson;olivier.dupont@qollabi.com
85/01;Brigitte;Eeckhout;14/04/1958;68;naturalPerson;luc.desmet@qollabi.com
325/00;Jan;Eeckhout;28/10/1964;61;naturalPerson;jan.eeckhout@qollabi.com
179/00;Luc;Eeckhout;14/05/1960;65;naturalPerson;luc.eeckhout@qollabi.com
497/00;Peter;Eeckhout;14/03/1970;56;naturalPerson;peter.eeckhout@qollabi.com
467/00;Alfons;Fierens;13/08/1937;88;naturalPerson;alfons.fierens@qollabi.com
420/01;Isabelle;Geerts;20/09/1969;56;naturalPerson;isabelle.geerts@qollabi.com
436/01;Veerle;Geerts;05/06/1963;62;naturalPerson;veerle.geerts@qollabi.com
317/00;Daniel;Goossens;03/09/1962;63;naturalPerson;daniel.goossens@qollabi.com
504/00;Frederik;Goossens;03/04/1956;70;naturalPerson;
307/01;Ida;Goossens;31/12/1953;72;naturalPerson;boudewijn.devos@qollabi.com
243/01;Francine;Hendrickx;04/10/1954;71;naturalPerson;francine.hendrickx@qollabi.com
137/01;Mila;Hendrickx;22/07/1970;55;naturalPerson;mark.desmet@qollabi.com
328/03;Rudolf;Hendrickx;09/01/1965;61;naturalPerson;rudolf.hendrickx@qollabi.com
120/00;Willy;Hendrickx;25/06/1942;83;naturalPerson;willy.hendrickx@qollabi.com
333/00;Harry;Hermans;10/08/1962;63;naturalPerson;harry.hermans@qollabi.com
472/01;Veerle;Hermans;30/04/1956;69;naturalPerson;veerle.hermans@qollabi.com
346/00;José;Huygen;22/02/1941;85;naturalPerson;
263/00;Luc;Huygen;21/02/1961;65;naturalPerson;luc.huygen@qollabi.com
319/00;Sonja;Huygen;07/01/1957;69;naturalPerson;
225/00;Erik;Jacobs;05/02/1958;68;naturalPerson;erik.jacobs@qollabi.com
8/00;Luc;Jacobs;09/09/1963;62;naturalPerson;luc.jacobs@qollabi.com
50/00;Paulus;Janssen;27/04/1935;90;naturalPerson;paulus.janssen@qollabi.com
64/00;Eddy;Kerkhofs;30/10/1955;70;naturalPerson;
270/01;Veerle;Kerkhofs;15/11/1959;66;naturalPerson;jan.vandenberghe@qollabi.com
405/01;Sigrid;Lambert;28/03/1942;84;naturalPerson;sigrid.lambert@qollabi.com
135/00;Christian;Leclercq;11/08/1953;72;naturalPerson;christian.leclercq@qollabi.com
409/00;Johnny;Leclercq;07/06/1957;68;naturalPerson;johnny.leclercq@qollabi.com
461/01;Ludgardus;Leclercq;20/03/1956;70;naturalPerson;ludgardus.leclercq@qollabi.com
440/01;Marina;Leclercq;11/01/1952;74;naturalPerson;marina.leclercq@qollabi.com
333/01;Harlinde;Leemans;21/03/1958;68;naturalPerson;harry.hermans@qollabi.com
240/00;Roger;Leemans;13/06/1952;73;naturalPerson;roger.leemans@qollabi.com
65/00;Frederic;Lemmens;28/10/1957;68;naturalPerson;frederic.lemmens@qollabi.com
377/00;Stijn;Lemmens;17/11/1959;66;naturalPerson;stijn.lemmens@qollabi.com
219/01;Godelieve;Lenaerts;16/12/1963;62;naturalPerson;godelieve.lenaerts@qollabi.com
26/00;Henri;Lenaerts;02/08/1938;87;naturalPerson;henri.lenaerts@qollabi.com
348/01;Anja;Leysen;24/05/1971;54;naturalPerson;anja.leysen@qollabi.com
458/00;Edouard;Leysen;08/02/1953;73;naturalPerson;edouard.leysen@qollabi.com
482/00;Leopold;Leysen;16/08/1956;69;naturalPerson;leopold.leysen@qollabi.com
219/00;Chris;Maes;24/11/1963;62;naturalPerson;chris.maes@qollabi.com
439/01;Vera;Maes;11/12/1952;73;naturalPerson;jeanpaul.devos@qollabi.com
138/01;Annick;Martens;30/04/1969;56;naturalPerson;annick.martens@qollabi.com
238/01;Rita;Martens;29/06/1946;79;naturalPerson;
471/00;Robert;Martens;09/01/1951;75;naturalPerson;
44/00;Rosette;Martens;26/07/1938;87;naturalPerson;
511/01;Hilde;Mertens;17/11/1966;59;naturalPerson;hilde.mertens@qollabi.com
324/02;Maurice;Mertens;25/07/1947;78;naturalPerson;marcella.vanacker@qollabi.com
321/00;Mounir;Mertens;01/02/1975;51;naturalPerson;mounir.mertens@qollabi.com
143/00;Anne;Michiels;17/12/1963;62;naturalPerson;anne.michiels@qollabi.com
344/00;Koen;Michiels;26/09/1967;58;naturalPerson;koen.michiels@qollabi.com
342/00;Frans;Moons;09/01/1944;82;naturalPerson;frans.moons@qollabi.com
61/01;Veronique;Moons;20/10/1969;56;naturalPerson;patrick.peters@qollabi.com
313/01;Nicole;Nijs;29/01/1959;67;naturalPerson;nicole.nijs@qollabi.com
423/00;Remi;Nijs;16/09/1954;71;naturalPerson;remi.nijs@qollabi.com
529/01;Hilde;Nuyts;28/04/1965;60;naturalPerson;hilde.nuyts@qollabi.com
105/00;Dominique;Pauwels;21/02/1972;54;naturalPerson;dominique.pauwels@qollabi.com
251/00;Willy;Peeraer;01/11/1941;84;naturalPerson;willy.peeraer@qollabi.com
219/02;Brigitta;Peeters;19/08/1959;66;naturalPerson;brigitta.peeters@qollabi.com
92/00;Diederik;Peeters;06/08/1964;61;naturalPerson;diederik.peeters@qollabi.com
335/00;Jan;Peeters;25/11/1964;61;naturalPerson;jan.peeters@qollabi.com
508/01;Kristien;Peeters;26/03/1956;70;naturalPerson;kristien.peeters@qollabi.com
181/01;Elvire;Peters;15/03/1944;82;naturalPerson;elvire.peters@qollabi.com
460/01;Paula;Peters;12/06/1939;86;naturalPerson;paula.peters@qollabi.com
213/01;Jeannine;Raes;18/07/1942;83;naturalPerson;jeannine.raes@qollabi.com
105/01;Kurt;Renard;02/01/1970;56;naturalPerson;kurt.renard@qollabi.com
194/00;Alphons;Rombouts;15/12/1941;84;naturalPerson;
256/01;Inge;Rombouts;26/05/1971;54;naturalPerson;inge.rombouts@qollabi.com
65/01;Gerda;Schepers;22/05/1959;66;naturalPerson;
364/01;Josiane;Schepers;24/09/1950;75;naturalPerson;josiane.schepers@qollabi.com
495/01;Bertha;Segers;26/02/1942;84;naturalPerson;jozef.brouwers@qollabi.com
508/00;Daniel;Segers;12/08/1951;74;naturalPerson;daniel.segers@qollabi.com
178/00;Jozef;Segers;06/01/1941;85;naturalPerson;
123/00;Guy;Sels;10/05/1953;72;naturalPerson;guy.sels@qollabi.com
10/01;Els;Smeets;29/03/1974;52;naturalPerson;els.smeets@qollabi.com
261/01;Noëlla;Smeets;12/11/1974;51;naturalPerson;nolla.smeets@qollabi.com
267/00;Vincent;Smeets;05/06/1972;53;naturalPerson;vincent.smeets@qollabi.com
355/01;Hilde;Stevens;23/02/1965;61;naturalPerson;hilde.stevens@qollabi.com
328/00;Pierre;Stevens;25/03/1939;87;naturalPerson;
252/00;Benjamin;Thijs;24/08/1965;60;naturalPerson;benjamin.thijs@qollabi.com
368/00;Daniel;Thijs;03/11/1955;70;naturalPerson;daniel.thijs@qollabi.com
413/01;Hilde;Thijs;15/07/1966;59;naturalPerson;hilde.thijs@qollabi.com
124/00;Jozef;Thijs;14/06/1951;74;naturalPerson;jozef.thijs@qollabi.com
225/01;Linda;Thijs;28/09/1959;66;naturalPerson;linda.thijs@qollabi.com
298/00;RUDI;Thijs;09/03/1957;69;naturalPerson;
14/00;Stefan;Thijs;12/05/1967;58;naturalPerson;stefan.thijs@qollabi.com
81/00;Stefan;Thijs;27/05/1970;55;naturalPerson;stefan.thijs2@qollabi.com
226/00;Dirk;Timmermans;13/11/1957;68;naturalPerson;dirk.timmermans@qollabi.com
51/01;Irène;Timmermans;17/04/1951;75;naturalPerson;irne.timmermans@qollabi.com
324/01;Marcella;Van Acker;05/03/1949;77;naturalPerson;marcella.vanacker@qollabi.com
486/00;Roger;Van Acker;23/03/1946;80;naturalPerson;roger.vanacker@qollabi.com
257/00;Wallace;Van Acker;04/11/1957;68;naturalPerson;
314/01;ANNE MARIE;Van Damme;09/06/1959;66;naturalPerson;dirk.bogaert@qollabi.com
453/00;Anita;Van Damme;21/08/1957;68;naturalPerson;anita.vandamme@qollabi.com
334/00;Daniel;Van Damme;25/04/1970;55;naturalPerson;daniel.vandamme@qollabi.com
239/00;Hendrik;Van Damme;03/06/1962;63;naturalPerson;hendrik.vandamme@qollabi.com
514/00;Peter;Van Damme;18/01/1967;59;naturalPerson;peter.vandamme@qollabi.com
107/00;Andre;Van Dyck;03/04/1933;93;naturalPerson;
391/01;Denise;Van Dyck;27/09/1953;72;naturalPerson;paul.vanhees@qollabi.com
303/00;Frank;Van Dyck;18/06/1967;58;naturalPerson;frank.vandyck@qollabi.com
327/00;Marc;Van Hees;05/07/1954;71;naturalPerson;marc.vanhees@qollabi.com
391/00;Paul;Van Hees;25/04/1953;72;naturalPerson;paul.vanhees@qollabi.com
136/01;Angele;Van Hoeck;03/01/1939;87;naturalPerson;angele.vanhoeck@qollabi.com
441/00;Anne;Van Hoeck;07/05/1951;74;naturalPerson;anne.vanhoeck@qollabi.com
442/00;Geert;Van Hoeck;05/08/1973;52;naturalPerson;geert.vanhoeck@qollabi.com
123/01;Vera;Van Hoeck;15/07/1954;71;naturalPerson;guy.sels@qollabi.com
79/00;Carl;Van den Berg;10/09/1968;57;naturalPerson;carl.vandenberg@qollabi.com
75/01;Margareta;Van den Berg;31/03/1970;56;naturalPerson;margareta.vandenberg@qollabi.com
435/00;Neville;Van den Berg;23/03/1972;54;naturalPerson;neville.vandenberg@qollabi.com
60/00;Emile;Vandenberghe;26/09/1941;84;naturalPerson;emile.vandenberghe@qollabi.com
270/00;Jan;Vandenberghe;14/05/1958;67;naturalPerson;jan.vandenberghe@qollabi.com
88/00;Pascal;Vandenberghe;25/02/1967;59;naturalPerson;pascal.vandenberghe@qollabi.com
269/00;Wilfried;Vandenberghe;22/08/1951;74;naturalPerson;wilfried.vandenberghe@qollabi.com
208/00;Xavier;Vandenberghe;30/11/1963;62;naturalPerson;xavier.vandenberghe@qollabi.com
336/00;Alfons;Vander Auwera;19/05/1953;72;naturalPerson;alfons.vanderauwera@qollabi.com
389/00;Johan;Vander Auwera;13/05/1973;52;naturalPerson;johan.vanderauwera@qollabi.com
9/00;Jozefina;Vander Auwera;24/08/1947;78;naturalPerson;jozefina.vanderauwera@qollabi.com
4/00;Maria Simonne;Vander Auwera;15/07/1936;89;naturalPerson;mariasimonne.vanderauwera@qollabi.com
355/04;Luc;Verhoeven;25/08/1960;65;naturalPerson;luc.verhoeven@qollabi.com
403/00;Patrick;Vermeersch;13/09/1964;61;naturalPerson;patrick.vermeersch@qollabi.com
408/00;José;Willems;15/10/1946;79;naturalPerson;jos.willems@qollabi.com
34/00;Luc;Willems;28/06/1959;66;naturalPerson;luc.willems@qollabi.com
312/00;Willy;Willems;20/03/1959;67;naturalPerson;willy.willems@qollabi.com
300/00;Geert;Wouters;02/04/1958;68;naturalPerson;geert.wouters@qollabi.com
235/01;Rita;Wouters;07/03/1956;70;naturalPerson;rita.wouters@qollabi.com
101/00;Roland;Wouters;19/04/1962;64;naturalPerson;roland.wouters@qollabi.com
